Symbol,Name,Rank
BTC,Bitcoin,1
ETH,Ethereum,2
XRP,Ripple,3
BCH,Bitcoin Cash,4
LTC,Litecoin,5
ADA,Cardano,6
XLM,Stellar,7
NEO,NEO,8
EOS,EOS,9
MIOTA,IOTA,10
DASH,Dash,11
XEM,NEM,12
XMR,Monero,13
LSK,Lisk,14
ETC,Ethereum Classic,15
TRX,TRON,16
VEN,VeChain,17
QTUM,Qtum,18
BTG,Bitcoin Gold,19
USDT,Tether,20
ICX,ICON,21
OMG,OmiseGO,22
ZEC,Zcash,23
XRB,Nano,24
PPT,Populous,25
STEEM,Steem,26
BNB,Binance Coin,27
BCN,Bytecoin,28
XVG,Verge,29
STRAT,Stratis,30
RHOC,RChain,31
SC,Siacoin,32
SNT,Status,33
DOGE,Dogecoin,34
WAVES,Waves,35
MKR,Maker,36
BTS,BitShares,37
WTC,Waltonchain,38
ZRX,0x,39
AE,Aeternity,40
DCR,Decred,41
REP,Augur,42
VERI,Veritaseum,43
HSR,Hshare,44
ZCL,ZClassic,45
KCS,KuCoin Shares,46
KMD,Komodo,47
ARDR,Ardor,48
R,Revain,49
UCASH,U.CASH,50
ETN,Electroneum,51
ARK,Ark,52
DGD,DigixDAO,53
DRGN,Dragonchain,54
GAS,Gas,55
GBYTE,Byteball Bytes,56
BAT,Basic Attention Token,57
DGB,DigiByte,58
LRC,Loopring,59
ZIL,Zilliqa,60
KNC,Kyber Network,61
BTM,Bytom,62
GNT,Golem,63
PIVX,PIVX,64
DCN,Dentacoin,65
MONA,MonaCoin,66
SYS,Syscoin,67
ELF,aelf,68
QASH,QASH,69
BTX,Bitcore,70
NAS,Nebulas,71
CNX,Cryptonex,72
POWR,Power Ledger,73
PLR,Pillar,74
ETHOS,Ethos,75
GXS,GXShares,76
IOST,IOStoken,77
FCT,Factom,78
SALT,SALT,79
DENT,Dent,80
AION,Aion,81
FUN,FunFair,82
CND,Cindicator,83
XZC,ZCoin,84
NXT,Nxt,85
ENG,Enigma,86
KIN,Kin,87
NEBL,Neblio,88
WAX,WAX,89
POLY,Polymath,90
RDD,ReddCoin,91
MAID,MaidSafeCoin,92
BNT,Bancor,93
PART,Particl,94
REQ,Request Network,95
LINK,ChainLink,96
PAY,TenX,97
SMART,SmartCash,98
VTC,Vertcoin,99
QSP,Quantstamp,100
BLOCK,Blocknet,101
XP,Experience Points,102
IGNIS,Ignis,103
SAN,Santiment Network Token,104
POE,Po.et,105
ICN,Iconomi,106
GNO,Gnosis,107
VEE,BLOCKv,108
EMC,Emercoin,109
SUB,Substratum,110
GAME,GameCredits,111
STORJ,Storj,112
AGI,SingularityNET,113
XDN,DigitalNote,114
CVC,Civic,115
RDN,Raiden Network Token,116
BTCD,BitcoinDark,117
UNITY,SuperNET,118
XPA,XPA,119
STORM,Storm,120
ZEN,ZenCash,121
SKY,Skycoin,122
ENJ,Enjin Coin,123
MANA,Decentraland,124
RPX,Red Pulse,125
NXS,Nexus,126
HPB,High Performance Blockchain,127
DEW,DEW,128
ANT,Aragon,129
TNB,Time New Bank,130
NAV,NAV Coin,131
DTR,Dynamic Trading Rights,132
ACT,Achain,133
MED,MediBloc,134
LEND,ETHLend,135
MCO,Monaco,136
PPP,PayPie,137
TEL,Telcoin,138
UBQ,Ubiq,139
RLC,iExec RLC,140
SPHTX,SophiaTX,141
VIBE,VIBE,142
BLZ,Bluzelle,143
SRN,SIRIN LABS Token,144
DBC,DeepBrain Chain,145
MDS,MediShares,146
AGRS,Agoras Tokens,147
BCO,BridgeCoin,148
ITC,IoT Chain,149
HTML,HTMLCOIN,150
GTO,Gifto,151
XCP,Counterparty,152
BIX,Bibox Token,153
RCN,Ripio Credit Network,154
APPC,AppCoins,155
XBY,XTRABYTES,156
PPC,Peercoin,157
EMC2,Einsteinium,158
C20,CRYPTO20,159
PAC,PACcoin,160
WABI,WaBi,161
XAS,Asch,162
OST,Simple Token,163
JNT,Jibrel Network,164
AMB,Ambrosus,165
AST,AirSwap,166
ADX,AdEx,167
CMT,CyberMiles,168
SNM,SONM,169
SNGLS,SingularDTV,170
INS,INS Ecosystem,171
DATA,Streamr DATAcoin,172
VIA,Viacoin,173
COB,Cobinhood,174
MTL,Metal,175
THETA,Theta Token,176
GVT,Genesis Vision,177
EDO,Eidoo,178
BAY,BitBay,179
MLN,Melon,180
SPANK,SpankChain,181
ETP,Metaverse ETP,182
BRD,Bread,183
EDG,Edgeless,184
NULS,Nuls,185
MGO,MobileGo,186
UTK,UTRUST,187
PRL,Oyster,188
TNC,Trinity Network Credit,189
FUEL,Etherparty,190
WINGS,Wings,191
TNT,Tierion,192
MOD,Modum,193
TRIG,Triggers,194
WGR,Wagerr,195
PURA,Pura,196
QRL,Quantum Resistant Ledger,197
CTR,Centra,198
RISE,Rise,199
NLG,Gulden,200
WPR,WePower,201
SOC,All Sports,202
BURST,Burst,203
DNT,district0x,204
THC,HempCoin,205
QLC,QLINK,206
CDT,CoinDash,207
INT,Internet Node Token,208
HVN,Hive,209
BTO,Bottos,210
COSS,COSS,211
ATM,ATMChain,212
MNX,MinexCoin,213
LBC,LBRY Credits,214
CRW,Crown,215
ION,ION,216
ECC,ECC,217
UKG,Unikoin Gold,218
MER,Mercury,219
TAAS,TaaS,220
GRS,Groestlcoin,221
TRAC,OriginTrail,222
NGC,NAGA,223
SLS,SaluS,224
SBD,Steem Dollars,225
PEPECASH,Pepe Cash,226
ONION,DeepOnion,227
ADT,adToken,228
CLOAK,CloakCoin,229
HST,Decision Token,230
VIB,Viberate,231
DPY,Delphy,232
AEON,Aeon,233
SAFEX,Safe Exchange Coin,234
IDH,indaHash,235
LUN,Lunyr,236
DCT,DECENT,237
DIME,Dimecoin,238
NET,Nimiq,239
1ST,FirstBlood,240
FTC,Feathercoin,241
DAT,Datum,242
COLX,ColossusCoinXT,243
PRE,Presearch,244
IOC,I/O Coin,245
NMC,Namecoin,246
LKK,Lykke,247
ECA,Electra,248
TKN,TokenCard,249
QBT,Qbao,250
TSL,Energo,251
GTC,Game.com,252
CAPP,Cappasity,253
POT,PotCoin,254
OCN,Odyssey,255
INK,Ink,256
BIS,Bismuth,257
HMQ,Humaniq,258
DMD,Diamond,259
SWFTC,SwftCoin,260
YOYOW,YOYOW,261
DLT,Agrello,262
SHIFT,Shift,263
MTH,Monetha,264
KEY,Selfkey,265
CFI,Cofound.it,266
BCC,BitConnect,267
XWC,WhiteCoin,268
BITCNY,bitCNY,269
WRC,Worldcore,270
ZPT,Zeepin,271
TAU,Lamden,272
SIB,SIBCoin,273
CV,carVertical,274
TIX,Blocktix,275
TRST,WeTrust,276
MOON,Mooncoin,277
FLASH,Flash,278
VOX,Voxels,279
XSPEC,Spectrecoin,280
EVX,Everex,281
SNC,SunContract,282
CAT,BitClave,283
BITB,Bean Cash,284
TIO,Trade Token,285
IPL,InsurePal,286
LA,LATOKEN,287
BLK,BlackCoin,288
POSW,PoSW Coin,289
MOT,Olympus Labs,290
UNO,Unobtanium,291
IXT,iXledger,292
FAIR,FairCoin,293
PHR,Phore,294
BDG,BitDegree,295
HOT,Hydro Protocol,296
ZSC,Zeusshield,297
ART,Maecenas,298
OTN,Open Trading Network,299
MSP,Mothership,300
MDA,Moeda Loyalty Points,301
PASC,Pascal Coin,302
BLT,Bloom,303
SNOV,Snovio,304
SOAR,Soarcoin,305
AMP,Synereo,306
LEO,LEOcoin,307
NEU,Neumark,308
XSH,SHIELD,309
VRC,VeriCoin,310
PRO,Propy,311
BCPT,BlockMason Credit Protocol,312
XEL,Elastic,313
MINT,Mintcoin,314
DRT,DomRaider,315
NMR,Numeraire,316
ORME,Ormeus Coin,317
GUP,Matchpool,318
AURA,Aurora DAO,319
RVT,Rivetz,320
NLC2,NoLimitCoin,321
GRC,GridCoin,322
QUN,QunQun,323
ARN,Aeron,324
MYB,MyBit Token,325
EXP,Expanse,326
BOT,Bodhi,327
PRG,Paragon,328
RADS,Radium,329
NVST,NVO,330
WCT,Waves Community Token,331
CAN,CanYaCoin,332
OMNI,Omni,333
KRM,Karma,334
UQC,Uquid Coin,335
TGT,Target Coin,336
OAX,OAX,337
OK,OKCash,338
OXY,Oxycoin,339
PKT,Playkey,340
HAC,Hackspace Capital,341
RBY,Rubycoin,342
BPT,Blockport,343
LIFE,LIFE,344
UNIT,Universal Currency,345
SWT,Swarm City,346
BNTY,Bounty0x,347
BBR,Boolberry,348
MUE,MonetaryUnit,349
ALIS,ALIS,350
PLBT,Polybius,351
TIPS,FedoraCoin,352
HGT,HelloGold,353
DNA,EncrypGen,354
COV,Covesting,355
XMY,Myriad,356
EDR,E-Dinar Coin,357
GOLOS,Golos,358
SLR,SolarCoin,359
KICK,KickCoin,360
VOISE,Voise,361
EBTC,eBitcoin,362
RMT,SureRemit,363
ZOI,Zoin,364
PARETO,Pareto Network,365
ATB,ATBCoin,366
ECN,E-coin,367
PND,Pandacoin,368
BSD,BitSend,369
DBET,DecentBet,370
STX,Stox,371
MEE,CoinMeet,372
CLAM,Clams,373
ENRG,Energycoin,374
NXC,Nexium,375
LMC,LoMoCoin,376
OCT,OracleChain,377
AIR,AirToken,378
UNY,Unity Ingot,379
GBX,GoByte,380
PRA,ProChain,381
GAM,Gambit,382
COVAL,Circuits of Value,383
FLO,FlorinCoin,384
DAI,Dai,385
BMC,Blackmoon,386
LOCI,LOCIcoin,387
PUT,Profile Utility Token,388
XPM,Primecoin,389
AUR,Auroracoin,390
ZLA,Zilla,391
PST,Primas,392
VIU,Viuly,393
NYC,NewYorkCoin,394
CXO,CargoX,395
JC,Jesus Coin,396
XRL,Rialto,397
FLDC,FoldingCoin,398
DICE,Etheroll,399
BITUSD,bitUSD,400
RNT,OneRoot Network,401
QAU,Quantum,402
NEOS,NeosCoin,403
HKN,Hacken,404
MYST,Mysterium,405
CSNO,BitDice,406
ICOS,ICOS,407
SYNX,Syndicate,408
RMC,Russian Miner Coin,409
LINDA,Linda,410
POLL,ClearPoll,411
ELIX,Elixir,412
DBIX,DubaiCoin,413
PLU,Pluton,414
LOC,LockChain,415
HORSE,Ethorse,416
HDG,Hedge,417
PTOY,Patientory,418
DTB,Databits,419
NTRN,Neutron,420
BLUE,BLUE,421
XAUR,Xaurum,422
AVT,Aventus,423
ESP,Espers,424
DOVU,Dovu,425
SPF,SportyCo,426
BCY,Bitcrystals,427
XLR,Solaris,428
XUC,Exchange Union,429
TIME,Chronobank,430
XTO,Tao,431
INCNT,Incent,432
MUSIC,Musicoin,433
PZM,PRIZM,434
DIVX,Divi,435
IFT,InvestFeed,436
NSR,NuShares,437
GET,GET Protocol,438
DYN,Dynamic,439
NIO,Autonio,440
CAT,BlockCAT,441
ALQO,ALQO,442
OBITS,OBITS,443
CAG,Change,444
GCR,Global Currency Reserve,445
LUX,LUXCoin,446
BQ,bitqy,447
CREDO,Credo,448
USNBT,NuBits,449
FLIXX,Flixxo,450
PINK,PinkCoin,451
BWK,Bulwark,452
ING,Iungo,453
AIT,AICHAIN,454
CURE,Curecoin,455
SPHR,Sphere,456
GAT,Gatcoin,457
SPRTS,Sprouts,458
XST,Stealthcoin,459
HEAT,HEAT,460
CVCOIN,CVCoin,461
SXUT,Spectre.ai Utility Token,462
XVC,Vcash,463
LEV,Leverj,464
XNN,Xenon,465
PIRL,Pirl,466
DOPE,DopeCoin,467
ODN,Obsidian,468
AC,AsiaCoin,469
DRP,DCORP,470
WILD,Wild Crypto,471
ABY,ArtByte,472
IOP,Internet of People,473
SEQ,Sequence,474
TOA,ToaCoin,475
MEME,Memetic / PepeCoin,476
EAC,EarthCoin,477
PFR,Payfair,478
RC,RussiaCoin,479
FLIK,FLiK,480
ARY,Block Array,481
BTCZ,BitcoinZ,482
NVC,Novacoin,483
AIX,Aigang,484
PIX,Lampix,485
PLAY,HEROcoin,486
TIE,TIES Network,487
ERC20,ERC20,488
DOT,Dotcoin,489
EVR,Everus,490
STA,Starta,491
KLC,KiloCoin,492
1337,Elite,493
HYP,HyperStake,494
ONG,onG.social,495
SUMO,Sumokoin,496
TRF,Travelflex,497
ERO,Eroscoin,498
PBL,Publica,499
EVE,Devery,500
ATL,ATLANT,501
HUSH,Hush,502
BET,DAO.Casino,503
GCN,GCN Coin,504
XMCC,Monoeci,505
SSS,Sharechain,506
UFO,UFO Coin,507
BRX,Breakout Stake,508
B2B,B2BX,509
QWARK,Qwark,510
SCL,Social,511
ERC,EuropeCoin,512
RIC,Riecoin,513
WISH,MyWish,514
CRED,Verify,515
PTC,Pesetacoin,516
HAT,Hawala.Today,517
ZNY,Bitzeny,518
VRM,VeriumReserve,519
XBC,Bitcoin Plus,520
DGPT,DigiPulse,521
GLD,GoldCoin,522
SNRG,Synergy,523
ZRC,ZrCoin,524
ADST,AdShares,525
TZC,TrezarCoin,526
KORE,Kore,527
BDL,Bitdeal,528
CANN,CannabisCoin,529
ATMS,Atmos,530
BUZZ,BuzzCoin,531
KRB,Karbo,532
TX,TransferCoin,533
BTM,Bitmark,534
TRCT,Tracto,535
BPL,Blockpool,536
TFL,TrueFlip,537
BRK,Breakout,538
CPAY,Cryptopay,539
VTR,vTorrent,540
SEND,Social Send,541
HWC,HollyWoodCoin,542
INXT,Internxt,543
APX,APX,544
DNR,Denarius,545
YOC,Yocoin,546
2GIVE,2GIVE,547
CHIPS,CHIPS,548
MONK,Monkey Project,549
XGOX,XGOX,550
ADC,AudioCoin,551
POLIS,Polis,552
MCAP,MCAP,553
CRB,Creditbit,554
VSL,vSlice,555
BELA,Bela,556
EXCL,ExclusiveCoin,557
BTDX,Bitcloud,558
INN,Innova,559
MTNC,Masternodecoin,560
UFR,Upfiring,561
VSX,Vsync,562
BLITZ,Blitzcash,563
GOOD,Goodomy,564
AMM,MicroMoney,565
SWIFT,Bitswift,566
ANC,Anoncoin,567
DFT,DraftCoin,568
OPT,Opus,569
PDC,Project Decorum,570
ALT,Altcoin,571
CREA,Creativecoin,572
ETT,EncryptoTel [WAVES],573
NKA,IncaKoin,574
SXC,Sexcoin,575
HUC,HunterCoin,576
TKS,Tokes,577
PYLNT,Pylon Network,578
TRC,Terracoin,579
MAG,Magnet,580
START,Startcoin,581
CRC,CrowdCoin,582
QVT,Qvolta,583
HOLD,Interstellar Holdings,584
SPR,SpreadCoin,585
ZER,Zero,586
CL,Coinlancer,587
CHC,ChainCoin,588
TRUST,TrustPlus,589
PRIX,Privatix,590
RUP,Rupee,591
ITNS,IntenseCoin,592
FYP,FlypMe,593
IND,Indorse Token,594
EBST,eBoost,595
EGC,EverGreenCoin,596
MXT,MarteXcoin,597
ZEIT,Zeitcoin,598
IXC,Ixcoin,599
EFL,e-Gulden,600
PUT,PutinCoin,601
PHO,Photon,602
RAIN,Condensate,603
FRD,Farad,604
MAGE,MagicCoin,605
CARBON,Carboncoin,606
NOTE,DNotes,607
GJC,Global Jobcoin,608
BON,Bonpay,609
SMLY,SmileyCoin,610
ZEPH,Zephyr,611
CMPCO,CampusCoin,612
PBT,Primalbase Token,613
BUN,BunnyCoin,614
PKB,ParkByte,615
ETBS,Ethbits,616
PURE,Pure,617
BLU,BlueCoin,618
ELLA,Ellaism,619
XMG,Magi,620
QRK,Quark,621
ELTCOIN,ELTCOIN,622
REC,Regalcoin,623
STAK,STRAKS,624
EFYT,Ergo,625
PROC,ProCurrency,626
MBRS,Embers,627
DAR,Darcrus,628
VIVO,VIVO,629
FOR,FORCE,630
TES,TeslaCoin,631
BXT,BitTokens,632
OCL,Oceanlab,633
GCC,TheGCCcoin,634
CBX,Crypto Bullion,635
FYN,FundYourselfNow,636
GRE,Greencoin,637
ARC,ArcticCoin,638
STU,bitJob,639
DAY,Chronologic,640
EQT,EquiTrader,641
LDOGE,LiteDoge,642
SLT,Smartlands,643
ABJ,Abjcoin,644
42,42-coin,645
ACC,Accelerator Network,646
DCY,Dinastycoin,647
IFLT,InflationCoin,648
WAND,WandX,649
XLC,LeviarCoin,650
MOIN,Moin,651
LINX,Linx,652
INFX,Influxcoin,653
UNIFY,Unify,654
INSN,InsaneCoin,655
CDN,Canada eCoin,656
BTCS,Bitcoin Scrypt,657
FRST,FirstCoin,658
ADZ,Adzcoin,659
LCT,LendConnect,660
DP,DigitalPrice,661
CRM,Cream,662
PING,CryptoPing,663
RIYA,Etheriya,664
UNI,Universe,665
CDX,Commodity Ad Network,666
ICOO,ICO OpenLedger,667
MZC,MAZA,668
NDC,NEVERDIE,669
UNB,UnbreakableCoin,670
FLT,FlutterCoin,671
UIS,Unitus,672
XCPO,Copico,673
ITT,Intelligent Trading Tech,674
RNS,Renos,675
SKIN,SkinCoin,676
CNT,Centurion,677
MAX,MaxCoin,678
JET,Jetcoin,679
LEAF,LeafCoin,680
MAC,Machinecoin,681
WDC,WorldCoin,682
GRWI,Growers International,683
NOBL,NobleCoin,684
SKC,Skeincoin,685
POP,PopularCoin,686
FST,Fastcoin,687
MRT,Miners' Reward Token,688
HXX,Hexx,689
EBET,EthBet,690
AU,AurumCoin,691
BTA,Bata,692
PIPL,PiplCoin,693
SUR,Suretly,694
XCN,Cryptonite,695
ECASH,Ethereum Cash,696
FJC,FujiCoin,697
BBP,BiblePay,698
HBC,HomeBlockCoin,699
NET,NetCoin,700
LGD,Legends Room,701
BRO,Bitradio,702
ELE,Elementrem,703
ARI,Aricoin,704
CCRB,CryptoCarbon,705
BTB,BitBar,706
BYC,Bytecent,707
KBR,Kubera Coin,708
ZENI,Zennies,709
SMC,SmartCoin,710
CTX,CarTaxi Token,711
LANA,LanaCoin,712
GRLC,Garlicoin,713
OPC,OP Coin,714
KLN,Kolion,715
ATS,Authorship,716
FUCK,FuckToken,717
ACE,Ace,718
DGC,Digitalcoin,719
TTC,TittieCoin,720
HAL,Halcyon,721
EL,Elcoin,722
PIGGY,Piggycoin,723
GUN,Guncoin,724
EBCH,eBitcoinCash,725
HODL,HOdlcoin,726
SCORE,Scorecoin,727
AMS,AmsterdamCoin,728
CFT,CryptoForecast,729
RKC,Royal Kingdom Coin,730
FCN,Fantomcoin,731
XPD,PetroDollar,732
CJ,Cryptojacks,733
HPC,Happycoin,734
ETG,Ethereum Gold,735
ENT,Eternity,736
FC2,FuelCoin,737
RLT,RouletteToken,738
VISIO,Visio,739
SCT,Soma,740
CPC,Capricoin,741
BLZ,BlazeCoin,742
XPTX,PlatinumBAR,743
TRUMP,TrumpCoin,744
NETKO,Netko,745
XCXT,CoinonatX,746
KURT,Kurrent,747
TROLL,Trollcoin,748
DFS,DFSCoin,749
BTCRED,Bitcoin Red,750
XJO,Joulecoin,751
DEM,Deutsche eMark,752
DSR,Desire,753
WGO,WavesGo,754
CUBE,DigiCube,755
BPC,Bitpark Coin,756
DRXNE,DROXNE,757
BIGUP,BigUp,758
B@,Bankcoin,759
SRC,SecureCoin,760
XBL,Billionaire Token,761
TKR,CryptoInsight,762
NYAN,Nyancoin,763
CFD,Confido,764
AMMO,Ammo Reloaded,765
RUPX,Rupaya,766
MOJO,MojoCoin,767
TIT,Titcoin,768
ARG,Argentum,769
MNE,Minereum,770
VIDZ,PureVidz,771
PCOIN,Pioneer Coin,772
SUPER,SuperCoin,773
XHI,HiCoin,774
BTWTY,Bit20,775
BLC,Blakecoin,776
PXC,Phoenixcoin,777
RBT,Rimbit,778
TGC,Tigercoin,779
GLT,GlobalToken,780
NEWB,Newbium,781
BRIT,BritCoin,782
FUNC,FUNCoin,783
OTX,Octanox,784
808,808Coin,785
QBIC,Qbic,786
SIGT,Signatum,787
IETH,iEthereum,788
ACC,AdCoin,789
PAK,Pakcoin,790
BTCR,Bitcurrency,791
XGR,GoldReserve,792
ONX,Onix,793
STN,Steneum Coin,794
DSH,Dashcoin,795
TOKC,TOKYO,796
SDRN,Senderon,797
TRK,Truckcoin,798
KAYI,Kayicoin,799
WHL,WhaleCoin,800
MOTO,Motocoin,801
DAXX,DaxxCoin,802
MANNA,Manna,803
NTO,Fujinto,804
LTB,LiteBar,805
CNO,Coin(O),806
MRJA,GanjaCoin,807
TEK,TEKcoin,808
ETHD,Ethereum Dark,809
CCT,Crystal Clear ,810
LEA,LeaCoin,811
CHAN,ChanCoin,812
BERN,BERNcash,813
SWING,Swing,814
EVIL,Evil Coin,815
CRX,Chronos,816
SAGA,SagaCoin,817
MARS,Marscoin,818
NUKO,Nekonium,819
POST,PostCoin,820
MCRN,MACRON,821
MNM,Mineum,822
NEVA,NevaCoin,823
BITBTC,bitBTC,824
LCP,Litecoin Plus,825
RED,RedCoin,826
PXI,Prime-XI,827
SGR,Sugar Exchange,828
XRE,RevolverCoin,829
CHESS,ChessCoin,830
BTG,Bitgem,831
BCF,Bitcoin Fast,832
ARCO,AquariusCoin,833
ZCG,Zlancer,834
VOT,VoteCoin,835
XCT,C-Bit,836
BOLI,Bolivarcoin,837
CCN,CannaCoin,838
XRA,Ratecoin,839
888,OctoCoin,840
PASL,Pascal Lite,841
BTPL,Bitcoin Planet,842
MDC,Madcoin,843
ASAFE2,AllSafe,844
XVP,Virtacoinplus,845
611,SixEleven,846
POS,PoSToken,847
BSTY,GlobalBoost-Y,848
HNC,Helleniccoin,849
TAG,TagCoin,850
EOT,EOT Token,851
QCN,QuazarCoin,852
ATOM,Atomic Coin,853
LBTC,LiteBitcoin,854
DALC,Dalecoin,855
STARS,StarCash Network,856
TAJ,TajCoin,857
MAO,Mao Zedong,858
DIBC,DIBCOIN,859
DRS,Digital Rupees,860
MNC,Mincoin,861
QTL,Quatloo,862
COAL,BitCoal,863
DIX,Dix Asset,864
YTN,YENTEN,865
BIP,BipCoin,866
FNC,FinCoin,867
ICOB,ICOBID,868
ALTCOM,SONO,869
KED,Darsek,870
ROOFS,Roofs,871
REE,ReeCoin,872
IMS,Independent Money System,873
SHDW,Shadow Token,874
ICON,Iconic,875
MAY,Theresa May Coin,876
CON,PayCon,877
HONEY,Honey,878
GTC,Global Tour Coin,879
MAR,Marijuanacoin,880
MST,MustangCoin,881
CACH,CacheCoin,882
300,300 Token,883
RPC,RonPaulCoin,884
EAGLE,EagleCoin,885
ERY,Eryllium,886
SOJ,Sojourn,887
CNNC,Cannation,888
FUZZ,FuzzBalls,889
BOST,BoostCoin,890
GPU,GPU Coin,891
MILO,MiloCoin,892
CMT,Comet,893
ECO,EcoCoin,894
BXC,Bitcedi,895
OFF,Cthulhu Offerings,896
XCO,X-Coin,897
KRONE,Kronecoin,898
NRO,Neuro,899
SPT,Spots,900
VPRC,VapersCoin,901
$$$,Money,902
CXT,Coinonat,903
SONG,SongCoin,904
ALL,Allion,905
MSCN,Master Swiscoin,906
BENJI,BenjiRolls,907
LTCU,LiteCoin Ultra,908
JS,JavaScript Token,909
ZMC,ZetaMicron,910
UET,Useless Ethereum Token,911
ADCN,Asiadigicoin,912
EXN,ExchangeN,913
BOAT,BOAT,914
WOMEN,WomenCoin,915
PLACO,PlayerCoin,916
GEERT,GeertCoin,917
VOLT,Bitvolt,918
ACP,AnarchistsPrime,919
VRS,Veros,920
COUPE,Coupecoin,921
DOLLAR,Dollar Online,922
TYCHO,Tychocoin,923
ARGUS,Argus,924
CTIC3,Coimatic 3.0,925
NANOX,Project-X,926
AERM,Aerium,927
CREVA,CrevaCoin,928
VLTC,Vault Coin,929
PRC,PRCoin,930
MGM,Magnum,931
LVPS,LevoPlus,932
TSTR,Tristar Coin,933
EXRN,EXRNchain,934
PIZZA,PizzaCoin,935
HMC,HarmonyCoin,936
ABN,Abncoin,937
DMB,Digital Money Bits,938
PAYX,Paypex,939
JINN,Jinn,940
SXDT,Spectre.ai Dividend Token,941
GRID,Grid+,942
BCAP,BCAP,943
PPY,Peerplays,944
PLC,PlusCoin,945
STAR,Starbase,946
PGL,Prospectors Gold,947
HBT,Hubii Network,948
ECOB,Ecobit,949
GMT,Mercury Protocol,950
TCC,The ChampCoin,951
VTA,Virtacoin,952
ASTRO,Astro,953
EVC,EventChain,954
REAL,REAL,955
REX,REX,956
SMART,SmartBillions,957
BBT,BitBoost,958
BASH,LuckChain,959
AHT,Bowhead,960
ADL,Adelphoi,961
WTT,Giga Watt Token,962
V,Version,963
XFT,Footy Cash,964
GIM,Gimli,965
EMV,Ethereum Movie Venture,966
FIMK,FIMKrypto,967
HTC,HitCoin,968
KEK,KekCoin,969
SDC,ShadowCash,970
METAL,MetalCoin,971
ZET,Zetacoin,972
INPAY,InPay,973
ORB,Orbitcoin,974
STRC,StarCredits,975
BLAS,BlakeStar,976
MBI,Monster Byte,977
SIFT,Smart Investment Fund Token,978
RUSTBITS,Rustbits,979
ROC,Rasputin Online Coin,980
MEC,Megacoin,981
SHORTY,Shorty,982
I0C,I0Coin,983
ITI,iTicoin,984
EPY,Emphy,985
LNK,Link Platform,986
KOBO,Kobocoin,987
BITS,Bitstar,988
LOG,Woodcoin,989
TRI,Triangles,990
USC,Ultimate Secure Cash,991
HBN,HoboNickels,992
UNIC,UniCoin,993
GAIA,GAIA,994
UTC,UltraCoin,995
NIMFA,Nimfamoney,996
Q2C,QubitCoin,997
BUCKS,SwagBucks,998
TALK,BTCtalkcoin,999
TSE,Tattoocoin (Standard Edition),1000
HERO,Sovereign Hero,1001
BITZ,Bitz,1002
8BIT,8Bit,1003
GB,GoldBlocks,1004
DDF,DigitalDevelopersFund,1005
XPY,PayCoin,1006
GRIM,Grimcoin,1007
PR,Prototanium,1008
KUSH,KushCoin,1009
OPAL,Opal,1010
SLG,Sterlingcoin,1011
GAP,Gapcoin,1012
VAL,Valorbit,1013
CASH,Cashcoin,1014
FLY,Flycoin,1015
ZZC,ZoZoCoin,1016
BLOCKPAY,BlockPay,1017
STV,Sativacoin,1018
CYP,Cypher,1019
GLC,GlobalCoin,1020
ICN,iCoin,1021
J,Joincoin,1022
SOON,SoonCoin,1023
CV2,Colossuscoin V2,1024
BITSILVER,bitSilver,1025
AMBER,AmberCoin,1026
PHS,Philosopher Stones,1027
C2,Coin2.1,1028
RBIES,Rubies,1029
XIOS,Xios,1030
PX,PX,1031
MAD,SatoshiMadness,1032
DLC,Dollarcoin,1033
YEL,Yellow Token,1034
EMD,Emerald Crypto,1035
VC,VirtualCoin,1036
CAT,Catcoin,1037
WAY,WayGuide,1038
EUC,Eurocoin,1039
BTSR,BTSR,1040
SPACE,SpaceCoin,1041
BUMBA,BumbaCoin,1042
CCO,Ccore,1043
DUO,ParallelCoin,1044
ZUR,Zurcoin,1045
BITGOLD,bitGold,1046
UNITS,GameUnits,1047
EREAL,eREAL,1048
FRC,Freicoin,1049
TRDT,Trident Group,1050
NTWK,Network Token,1051
SPEX,SproutsExtreme,1052
BLN,Bolenum,1053
BTQ,BitQuark,1054
BRAT,BROTHER,1055
ACOIN,Acoin,1056
IMX,Impact,1057
CPN,CompuCoin,1058
JIN,Jin Coin,1059
BRIA,BriaCoin,1060
XCRE,Creatio,1061
ISL,IslaCoin,1062
VUC,Virta Unique Coin,1063
AIB,Advanced Internet Blocks,1064
EVO,Evotion,1065
GP,GoldPieces,1066
FIRE,Firecoin,1067
XNG,Enigma,1068
CTO,Crypto,1069
SAC,SACoin,1070
VLT,Veltor,1071
XBTC21,Bitcoin 21,1072
YAC,Yacoin,1073
SOIL,SOILcoin,1074
RBX,Ripto Bux,1075
QBC,Quebecoin,1076
FLAX,Flaxscript,1077
SCRT,SecretCoin,1078
GPL,Gold Pressed Latinum,1079
EGAS,ETHGAS,1080
GCC,GuccioneCoin,1081
RMC,Remicoin,1082
BAS,BitAsean,1083
FRK,Franko,1084
DLISK,DAPPSTER,1085
DBTC,Debitcoin,1086
BNX,BnrtxCoin,1087
BITEUR,bitEUR,1088
JWL,Jewels,1089
BRAIN,Braincoin,1090
WORM,HealthyWormCoin,1091
HMP,HempCoin,1092
SFC,Solarflarecoin,1093
ANTI,AntiBitcoin,1094
BSTAR,Blackstar,1095
SCS,Speedcash,1096
VIP,VIP Tokens,1097
BLRY,BillaryCoin,1098
VEC2,VectorAI,1099
LUNA,Luna Coin,1100
MTLMC3,Metal Music Coin,1101
LTCR,Litecred,1102
PIE,PIECoin,1103
ICE,iDice,1104
PRX,Printerium,1105
PONZI,PonziCoin,1106
MND,MindCoin,1107
CWXT,CryptoWorldX Token,1108
ATX,Artex Coin,1109
WARP,WARP,1110
SH,Shilling,1111
CESC,CryptoEscudo,1112
CF,Californium,1113
PLNC,PLNcoin,1114
URO,Uro,1115
PEX,PosEx,1116
ARB,ARbit,1117
PULSE,Pulse,1118
COXST,CoExistCoin,1119
RIDE,Ride My Car,1120
LIR,LetItRide,1121
DRM,Dreamcoin,1122
CRTM,Corethum,1123
EGO,EGO,1124
TAGR,TAGRcoin,1125
JOBS,JobsCoin,1126
SLEVIN,Slevin,1127
KNC,KingN Coin,1128
ORLY,Orlycoin,1129
BIOS,BiosCrypto,1130
CRDNC,Credence Coin,1131
XOC,Xonecoin,1132
XBTS,Beatcoin,1133
TOR,Torcoin,1134
WBB,Wild Beast Block,1135
ZYD,Zayedcoin,1136
URC,Unrealcoin,1137
BSC,BowsCoin,1138
G3N,G3N,1139
STEPS,Steps,1140
DES,Destiny,1141
RSGP,RSGPcoin,1142
IBANK,iBank,1143
OS76,OsmiumCoin,1144
AGLC,AgrolifeCoin,1145
IMPS,ImpulseCoin,1146
HVCO,High Voltage,1147
CRT,CRTCoin,1148
GBC,GBCGoldCoin,1149
ZNE,Zonecoin,1150
SOCC,SocialCoin,1151
XCS,CybCSec,1152
CAB,Cabbage,1153
ELS,Elysium,1154
XRC,Rawcoin,1155
SDP,SydPak,1156
FXE,FuturXe,1157
ALTC,Antilitecoin,1158
BIOB,BioBar,1159
GSR,GeyserCoin,1160
NODC,NodeCoin,1161
CONX,Concoin,1162
P7C,P7Coin,1163
SANDG,Save and Gain,1164
ULA,Ulatech,1165
CTIC2,Coimatic 2.0,1166
SLFI,Selfiecoin,1167
CALC,CaliphCoin,1168
DGCS,Digital Credits,1169
CCM100,CCMiner,1170
EBT,Ebittree Coin,1171
APW,AppleCoin,1172
HT,Huobi Token,1173
ATMC,ATMCoin,1174
WIC,WaykiChain,1175
ELA,Elastos,1176
EKT,EDUCare,1177
AIDOC,AI Doctor,1178
RUFF,Ruff,1179
HPY,Hyper Pay,1180
NKC,Nework,1181
CHAT,ChatCoin,1182
LET,LinkEye,1183
TOPC,TopChain,1184
DTA,DATA,1185
BCD,Bitcoin Diamond,1186
EPC,Electronic PK Chain,1187
SMT,SmartMesh,1188
MTN,Medicalchain,1189
GNX,Genaro Network,1190
STK,STK,1191
LBTC,Lightning Bitcoin [Futures],1192
RCT,RealChain,1193
ADK,Aidos Kuneen,1194
SBTC,Super Bitcoin,1195
FOTA,Fortuna,1196
VLC,ValueChain,1197
OF,OFCOIN,1198
CFUN,CFun,1199
CPC,CPChain,1200
TRUE,True Chain,1201
HLC,HalalChain,1202
MTX,Matryx,1203
TKY,THEKEY,1204
REBL,Rebellious,1205
FSN,Fusion,1206
MOBI,Mobius,1207
YEE,Yee,1208
OC,OceanChain,1209
UBTC,United Bitcoin,1210
QUBE,Qube,1211
CMS,COMSA [ETH],1212
EVN,Envion,1213
EKO,EchoLink,1214
ACC,ACChain,1215
CMS,COMSA [XEM],1216
AWR,AWARE,1217
FRGC,Fargocoin,1218
XTZ,Tezos (Pre-Launch),1219
BCX,BitcoinX,1220
BOS,BOScoin,1221
UGT,UG Token,1222
AAC,Acute Angle Cloud,1223
STC,StarChain,1224
IDT,InvestDigital,1225
BAR,Titanium Blockchain,1226
SHOW,Show,1227
UTNP,Universa,1228
KCASH,Kcash,1229
SEXC,ShareX,1230
ACAT,Alphacat,1231
CAN,Content and AD Network,1232
MAN,Matrix AI Network,1233
MOF,Molecular Future,1234
AI,POLY AI,1235
CANDY,Candy,1236
AID,AidCoin,1237
READ,Read,1238
CHSB,SwissBorg,1239
FAIR,FairGame,1240
COFI,CoinFi,1241
DDD,Scry.info,1242
HMC,Hi Mutual Society,1243
AVH,Animation Vision Cash,1244
INF,InfChain,1245
LIGHT,LightChain,1246
AXP,aXpire,1247
REF,RefToken,1248
ATN,ATN,1249
PXS,Pundi X,1250
PRS,PressOne,1251
ENT,ENTCash,1252
SPC,SpaceChain,1253
EAG,EA Coin,1254
BIG,BigONE Token,1255
SSC,SelfSell,1256
MLM,MktCoin,1257
BCDN,BlockCDN,1258
B2X,SegWit2x,1259
UGC,ugChain,1260
MDT,Measurable Data Token,1261
ESC,Escroco,1262
BSR,BitSoar,1263
MOAC,MOAC,1264
SUP,Superior Coin,1265
NMS,Numus,1266
WC,WINCOIN,1267
TCT,TokenClub,1268
THS,TechShares,1269
XIN,Infinity Economics,1270
TIG,Tigereum,1271
CRPT,Crypterium,1272
DAV,DavorCoin,1273
BLT,Bitcoin Lightning,1274
SWM,Swarm,1275
UIP,UnlimitedIP,1276
TMC,TimesCoin,1277
IQT,iQuant,1278
DTH,Dether,1279
DIM,DIMCOIN,1280
CEFS,CryptopiaFeeShares,1281
ADB,adbank,1282
CAS,Cashaa,1283
JIYO,Jiyo,1284
BIO,BioCoin,1285
SHND,StrongHands,1286
FIL,Filecoin [Futures],1287
CLUB,ClubCoin,1288
SMS,Speed Mining Service,1289
SBC,StrikeBitClub,1290
MNTP,GoldMint,1291
GCS,GameChain System,1292
XIN,Mixin,1293
ARCT,ArbitrageCT,1294
TBX,Tokenbox,1295
MAG,Maggie,1296
ESZ,EtherSportz,1297
TOK,Tokugawa,1298
MSD,MSD,1299
MGC,MergeCoin,1300
SIC,Swisscoin,1301
LEVO,Levocoin,1302
SWTC,Jingtum Tech,1303
JEW,Shekel,1304
IFC,Infinitecoin,1305
WETH,WETH,1306
IC,Ignition,1307
BTW,Bitcoin White,1308
DXT,Datawallet,1309
CSC,CasinoCoin,1310
WIC,Wi Coin,1311
IDXM,IDEX Membership,1312
KB3,B3Coin,1313
VZT,Vezt,1314
MVC,Maverick Chain,1315
BTCA,Bitair,1316
GRX,GOLD Reward Token,1317
TOKEN,SwapToken,1318
BCA,Bitcoin Atom,1319
KZC,Kzcash,1320
ZAP,Zap,1321
INDI,Indicoin,1322
ANI,Animecoin,1323
XID,Sphre AIR ,1324
GBG,Golos Gold,1325
BKX,Bankex,1326
CRAVE,Crave,1327
PNX,Phantomx,1328
HC,Harvest Masternode Coin,1329
SJCX,Storjcoin X,1330
SPK,Sparks,1331
ORE,Galactrum,1332
IPC,IPChain,1333
PRES,President Trump,1334
HTML5,HTML5COIN,1335
GDC,GrandCoin,1336
EQL,Equal,1337
BSN,Bastonet,1338
WA,WA Space,1339
VULC,Vulcano,1340
TER,TerraNova,1341
MCI,Musiconomi,1342
DMC,DynamicCoin,1343
CLD,Cloud,1344
DRPU,DRP Utility,1345
OX,OX Fina,1346
FDX,FidentiaX,1347
SJW,SJWCoin,1348
GOD,Bitcoin God,1349
CYDER,Cyder,1350
GARY,President Johnson,1351
SIGMA,SIGMAcoin,1352
MCR,Macro,1353
UTT,United Traders Token,1354
NEOG,NEO GOLD,1355
BTBc,Bitbase,1356
BTE,BitSerial,1357
DEUS,DeusCoin,1358
GMX,GoldMaxCoin,1359
NAMO,NamoCoin,1360
ABC,Alphabit,1361
UNRC,UniversalRoyalCoin,1362
XOT,Internet of Things,1363
DBG,Digital Bullion Gold,1364
XRY,Royalties,1365
BITCF,First Bitcoin Capital,1366
ELITE,Ethereum Lite,1367
SND,Sand Coin,1368
BTCM,BTCMoon,1369
VASH,VPNCoin,1370
ACES,Aces,1371
SENSE,Sense,1372
PRIMU,Primulon,1373
BT2,BT2 [CST],1374
IRL,IrishCoin,1375
SHA,SHACoin,1376
SFE,SafeCoin,1377
MARX,MarxCoin,1378
WOW,Wowcoin,1379
FRN,Francs,1380
XSTC,Safe Trade Coin,1381
TESLA,TeslaCoilCoin,1382
XMRG,Monero Gold,1383
FLAP,FlappyCoin,1384
SISA,SISA,1385
WINK,Wink,1386
MINEX,Minex,1387
FAZZ,Fazzcoin,1388
TODAY,TodayCoin,1389
WSX,WeAreSatoshi,1390
BEST,BestChain,1391
PAYP,PayPeer,1392
GOLF,Golfcoin,1393
TCOIN,T-coin,1394
PCN,PeepCoin,1395
PLX,PlexCoin,1396
INDIA,India Coin,1397
COR,CORION,1398
NOX,Nitro,1399
APC,AlpaCoin,1400
PCS,Pabyosi Coin (Special),1401
SLOTH,Slothcoin,1402
STEX,STEX,1403
ETT,EncryptoTel [ETH],1404
TELL,Tellurion,1405
PRN,Protean,1406
HDLB,HODL Bucks,1407
ZENGOLD,ZenGold,1408
GLS,GlassCoin,1409
BIT,First Bitcoin,1410
SKR,Sakuracoin,1411
SAK,Sharkcoin,1412
ANTX,Antimatter,1413
FONZ,Fonziecoin,1414
ZSE,ZSEcoin,1415
ELC,Elacoin,1416
AKY,Akuya Coin,1417
CFC,CoffeeCoin,1418
RBBT,RabbitCoin,1419
SKULL,Pirate Blocks,1420
TOPAZ,Topaz Coin,1421
ACN,Avoncoin,1422
KDC,KlondikeCoin,1423
SMOKE,Smoke,1424
GAY,GAY Money,1425
HCC,Happy Creator Coin,1426
RUPX,Rupaya [OLD],1427
QBT,Cubits,1428
LDCN,LandCoin,1429
PDG,PinkDog,1430
REGA,Regacoin,1431
NUMUS,NumusCash,1432
HIGH,High Gain,1433
GRN,Granite,1434
HALLO,Halloween Coin,1435
TOP,TopCoin,1436
BITOK,Bitok,1437
EDRC,EDRCoin,1438
FUTC,FutCoin,1439
ZBC,Zilbercoin,1440
EGG,EggCoin,1441
TURBO,TurboCoin,1442
NBIT,netBit,1443
UNC,UNCoin,1444
BLAZR,BlazerCoin,1445
HNC,Huncoin,1446
GAIN,UGAIN,1447
EGOLD,eGold,1448
SHELL,ShellCoin,1449
MAGN,Magnetcoin,1450
CMP,Compcoin,1451
AV,AvatarCoin,1452
XAU,Xaucoin,1453
BET,BetaCoin,1454
DISK,DarkLisk,1455
ASN,Aseancoin,1456
NTC,Natcoin,1457
RHFC,RHFCoin,1458
MBL,MobileCash,1459
DASHS,Dashs,1460
XQN,Quotient,1461
DON,Donationcoin,1462
CHEAP,Cheapcoin,1463
UR,UR,1464
KARMA,Karmacoin,1465
BIRDS,Birds,1466
RUNNERS,Runners,1467
XTD,XTD Coin,1468
SPORT,SportsCoin,1469
RUBIT,RubleBit,1470
QORA,Qora,1471
LAZ,Lazaruscoin,1472
CYC,Cycling Coin,1473
SNAKE,SnakeEyes,1474
CC,CyberCoin,1475
XVE,The Vegan Initiative,1476
DUTCH,Dutch Coin,1477
TRICK,TrickyCoin,1478
FFC,FireFlyCoin,1479
RYZ,ANRYZE,1480
RICHX,RichCoin,1481
MMXVI,MMXVI,1482
YES,Yescoin,1483
XDE2,XDE II,1484
AXIOM,Axiom,1485
CME,Cashme,1486
OPES,Opescoin,1487
DCRE,DeltaCredits,1488
VOYA,Voyacoin,1489
PRM,PrismChain,1490
FAP,FAPcoin,1491
BUB,Bubble,1492
MONEY,MoneyCoin,1493
MONETA,Moneta,1494
XID,International Diamond,1495
LEPEN,LePen,1496
POKE,PokeCoin,1497
GML,GameLeagueCoin,1498
RCN,Rcoin,1499
HYPER,Hyper,1500
DUB,Dubstep,1501
IVZ,InvisibleCoin,1502
X2,X2,1503
BAC,BitAlphaCoin,1504
PSY,Psilocybin,1505
OP,Operand,1506
TCR,TheCreed,1507
LKC,LinkedCoin,1508
FRWC,FrankyWillCoin,1509
OMC,Omicron,1510
LTH,LAthaan,1511
TEAM,TeamUp,1512
KASHH,KashhCoin,1513
TLE,Tattoocoin (Limited Edition),1514
FID,BITFID,1515
LLT,LLToken,1516
PEC,Peacecoin,1517
TERA,TeraCoin,1518
UTA,UtaCoin,1519
MEN,PeopleCoin,1520
BLX,Blockchain Index,1521
FC,Facecoin,1522
ELTC2,eLTC,1523
SWP,Swapcoin,1524
EUSD,eUSD,1525
10MT,10M Token,1526
LTG,LiteCoin Gold,1527
BTCS,Bitcoin Silver,1528
CASH,Cash Poker Pro,1529
IBTC,iBTC,1530
EBIT,eBIT,1531
FBL,Faceblock,1532
IPY,Infinity Pay,1533
BTC2X,Bitcoin2x,1534
TRIA,Triaconta,1535
HYTV,Hyper TV,1536
UAHPAY,UAHPay,1537
FRCT,Farstcoin,1538
EDT,EtherDelta Token,1539
DUBI,Decentralized Universal Basic Income,1540
DMT,DMarket,1541
